"Florence, Italy, Biblioteca Nazionale Centrale, MS Magliabechi XIX.164-167",Quanto più desiar sento’l mio core,0,Voice,Bernardo,Pisano,0,Secular,Renaissance,Madrigal,1,Anonymous,,0,https://drive.google.com/open?id=1RobzOkT40ivs60-SVyInn7-k9glQC0ys,https://drive.google.com/open?id=1jEdxFGP84PRXAeaAMFPoKhgOBQ2IM6P8,,,https://drive.google.com/open?id=1uGkE_Lm5Ns4gid3RdaMGzHnz5oRy6kmN,https://drive.google.com/open?id=13-pNrOESUNaR303liMB6ZVt1lSvli2kY,https://drive.google.com/open?id=1GR_rmpSANzq_RrfHJLEGc2wi-OYt-siy,https://drive.google.com/open?id=1mSXTIkPpWUqrHNfX6zLp6VEkLWjwP1uq
"Florence, Italy, Biblioteca Nazionale Centrale, MS Magliabechi XIX.164-167",Si è debile el filo a cui s’attiene,0,Voice,Bernardo,Pisano,1,Secular,Renaissance,Madrigal,2,Francesco,Petrarca,1,https://drive.google.com/open?id=1zOME0sJUBvrp6N34iMj5vmCvr_r3nW08,https://drive.google.com/open?id=1Zkw4i3zuR7OUSmUA7TTda9F7WJgTO7nX,,,https://drive.google.com/open?id=1e5363BAUB5un06JTYuddzQuORRYoeF1F,https://drive.google.com/open?id=1Mv4fzAFNdPoesp0fDOtW_znCwHEdBpN0,https://drive.google.com/open?id=1qcA_m3klgokN5AZWO6SWhxOqw55wSoFB,https://drive.google.com/open?id=1funSkz0hwOC8CadEOorVLEvX6UwxATxE
"Florence, Italy, Biblioteca Nazionale Centrale, MS Magliabechi XIX.164-167",De perché in odio m’hai,0,Voice,Bernardo,Pisano,1,Secular,Renaissance,Madrigal,3,Anonymous,,0,https://drive.google.com/file/d/1YSax5TWoveOS3r9i2fIS6reFZOjE6ZQQ/view?usp=sharing,https://drive.google.com/open?id=1y7gOi-5RYYedGzcwd0Id0q-mOMk1kBUM,,,https://drive.google.com/open?id=1EBli4xbTYyBJb2TGcvsTMsZGvMUUd87I,https://drive.google.com/open?id=1p6E3U518Ou2I-oi2H5pd3ozq49TIJ6c7,https://drive.google.com/open?id=1qfCOJjmxaC8xaprevYXi9VgCsmTV4Sic,https://drive.google.com/open?id=1qR81o6SJoTNpJF4eWcALqZd0z2qrdCtG
"Florence, Italy, Biblioteca Nazionale Centrale, MS Magliabechi XIX.164-167",Son io donna qual mostri ogni tuo bene,0,Voice,Bernardo,Pisano,1,Secular,Renaissance,Madrigal,4,Lorenzo,Strozzi,1,https://drive.google.com/open?id=110m9YSMRFJxpJfadwP41_EmUlB3i5bqO,https://drive.google.com/open?id=1QhGuvGbqn4xD5UlxYMWkc3cI8aklDHVt,,,https://drive.google.com/open?id=1SLbsqwI2BYC66XMRIXZxEn9aQro2Cwct,https://drive.google.com/open?id=1nApCDAf7GAXeE82SI4KCtzfCf6bA01wR,https://drive.google.com/open?id=1D97jWQDbIqRlcdYxydx0PjPOWgKFhEAq,https://drive.google.com/open?id=19kTcFe5m1nuoKMqqfeJrRAatlGElBlH7
"Florence, Italy, Biblioteca Nazionale Centrale, MS Magliabechi XIX.164-167",Son io donna (2) qual mostri ogni tuo bene,0,Voice,Bernardo,Pisano,1,Secular,Renaissance,Madrigal,5,Lorenzo,Strozzi,1,https://drive.google.com/open?id=1PyHuj4puFQW__XKTfqYygL0LHCNP1Mf7,https://drive.google.com/open?id=1G8I7b-NiwGAo2DrbEI8VP67PqIm4HVzo,,,https://drive.google.com/open?id=1bu8n5dc_EsQ3KiBHfvsMSztXnDBm38cV,https://drive.google.com/open?id=1ZZHTbsdkh46Itc-oLK7NRwVDLnmZ7kR0,https://drive.google.com/open?id=1i2FuUnZGJw3Ja76R46BdbsuBpJ4HE7O1,https://drive.google.com/open?id=1J6WZnppkg-b1ypu_zZHGLQffuPkE4ayt
"Florence, Italy, Biblioteca Nazionale Centrale, MS Magliabechi XIX.164-167",Nella stagion che’l ciel rapido inchina,0,Voice,Bernardo,Pisano,1,Secular,Renaissance,Madrigal,6,Francesco,Petrarca,1,https://drive.google.com/open?id=1XuanxEAvhjrpwU5ksTSEesHo8AbZaLae,https://drive.google.com/open?id=1OPPheRcCO-BuF7fGus6FpsY0uL9YQ2hD,,,https://drive.google.com/open?id=1yF_vpHi6ipiscWyVdXk4kgSEhe9YULLd,https://drive.google.com/open?id=1n1iOdZJP6KsAhYkseYyxIyoWJMeo1KhY,https://drive.google.com/open?id=1VtLS02KVuIPre0SZmxSFlg_RJM02ULzg,https://drive.google.com/open?id=1CqI3HUSFEiOsmXrbp1OBSRRSdMYa4i7g
"Florence, Italy, Biblioteca Nazionale Centrale, MS Magliabechi XIX.164-167",Donna benché di rado et con riguardo,0,Voice,Bernardo,Pisano,1,Secular,Renaissance,Madrigal,7,Francesco,Petrarca,1,https://drive.google.com/open?id=1VSabU1Alt-cC4GzSkY1aHz6wwx-wMzBW,https://drive.google.com/open?id=1Ad9CQ2P03lWIjRX7MTTePuOsLrdDudxo,,,https://drive.google.com/open?id=1qQrY67ya8iGcPaVpFiU8HOXKgzTBcMgL,https://drive.google.com/open?id=1m4SEnSsv-O_SsLuS9cDel_BE7zxkFE5j,https://drive.google.com/open?id=1dtFeB1Ehb3yMHBPER9waM0a9cxzt1V9D,https://drive.google.com/open?id=1i6Zuai35tNUxDWJXll3Ap5qO7MlRO3Zd
"Florence, Italy, Biblioteca Nazionale Centrale, MS Magliabechi XIX.164-167",Amore amor quando io speravo,0,Voice,Bernardo,Pisano,1,Secular,Renaissance,Madrigal,8,Lorenzo,Strozzi,1,https://drive.google.com/open?id=15HCatHstYCOmMRxPRSRD0YNBLTk0XZkG,https://drive.google.com/open?id=1zaPNYva2i5SzS4_8qcdsZuaUkHcIf6Tq,,,https://drive.google.com/open?id=10LKNj1-TZ9vdG_qUq-t6bap0p7gjryy9,https://drive.google.com/open?id=11z03g7-PDiPfgY9JHg_3sVu0aAfk4-ho,https://drive.google.com/open?id=19bSYgeZ1K6_xqyzc2TkuYbTR_KEB6KuF,https://drive.google.com/open?id=1NcE02EqdkWbmoKPg920mLWXRC080ujRj
"Florence, Italy, Biblioteca Nazionale Centrale, MS Magliabechi XIX.164-167",Amor se vuoi ch’i torni al giogho anticho,0,Voice,Bernardo,Pisano,1,Secular,Renaissance,Madrigal,9,Francesco,Petrarca,1,https://drive.google.com/open?id=1TWIwvY5osgE_Y6m1CghVPtAflMrNdQUP,https://drive.google.com/open?id=13EwPP_0vWMdtlvOaShgZ9TggJK6J6qQ-,,,https://drive.google.com/open?id=1hm9T7hQE7cY7iw4iq1jcxmVJk9QRMv3p,https://drive.google.com/open?id=1FZ3zU8Zt4KwmPqGF4EtJa8rOgNXMHfwO,https://drive.google.com/open?id=1LFLC4FLSBLxdRwc39huit7i-PXWf2J6x,https://drive.google.com/open?id=10oaiMw8JibeUgXRVekJzeudcD6DIYd13
"Florence, Italy, Biblioteca Nazionale Centrale, MS Magliabechi XIX.164-167",Perché donna non vuoi,0,Voice,Bernardo,Pisano,1,Secular,Renaissance,Madrigal,10,Lorenzo,Strozzi,1,https://drive.google.com/open?id=1wPIYxyXfI4isI1vcz3Po5EPZpfB0hcbi,https://drive.google.com/open?id=1ryD3iscTBp07kvmfj_2qsat54ctOK0_v,,,https://drive.google.com/open?id=1EDSVJlutSSPkIWVTt1f1MxXkGukAvpIt,https://drive.google.com/open?id=1-P9dc45VJC35HCAI3Rd2SXyJCqemkmhZ,https://drive.google.com/open?id=10W9Vw8nmy_JitJCjrdSjpIJi--8Ng3lb,https://drive.google.com/open?id=1yu34798cYS9Zdb_KuDvVmFR-ZlXIjOx8
"Florence, Italy, Biblioteca Nazionale Centrale, MS Magliabechi XIX.164-167",Chiare fresche et dolc’acque,0,Voice,Bernardo,Pisano,1,Secular,Renaissance,Madrigal,11,Francesco,Petrarca,1,https://drive.google.com/open?id=1PHngIaheSpL_koJlbg9ZrlENsvRwg4il,https://drive.google.com/open?id=1Py5EB7zr-kQf_rN1gl1g4fIALYb8S34p,,,https://drive.google.com/open?id=1haiQdCdknmrUyA5LNyeKuWjwW5RA42NE,https://drive.google.com/open?id=1nqwCisq0129oDOVR0GZXbd9HdtsKLsdu,https://drive.google.com/open?id=13fGiNv_7WD5Eb_vKjEsTMXCDPXadgWNQ,https://drive.google.com/open?id=1mqxAAotd0guxpmmKyiPFG_JZMLeGt-sW
"Florence, Italy, Biblioteca Nazionale Centrale, MS Magliabechi XIX.164-167","Che deggio far che mi consigli Amore? [2, Pisano, F&H]",0,Voice,Bernardo,Pisano,1,Secular,Renaissance,Madrigal,12,Francesco,Petrarca,1,https://drive.google.com/open?id=16To4mJR5mabMO-7jxZ6cWjUyIcdeBuEw,https://drive.google.com/open?id=1M3ukZJaOJIBg-bZFOJgJf7b_8wFnslCi,,,https://drive.google.com/open?id=1pkzTJwoRmE78V65kdFGELYPe9xX3csSU,https://drive.google.com/open?id=1vGurTMPkvF9b3aBPcso7Kp0MqLcmzLJu,https://drive.google.com/open?id=1Yfjz_B99I8T6pR1f0DexYcO95YxGwJhd,https://drive.google.com/open?id=19tIY2fEnCXPoY6ENfxs-q_XYaI2XVNGH
"Florence, Italy, Biblioteca Nazionale Centrale, MS Magliabechi XIX.164-167",Giamai non veder gli occhi,0,Voice,Bernardo,Pisano,0,Secular,Renaissance,Madrigal,13,Lorenzo,Strozzi,1,https://drive.google.com/open?id=1hDX1JHSgmvoAi8WWMMx0sRZ8gi_HBZ9I,https://drive.google.com/open?id=13TzXN0Q4GsVUn3jdZIUj5jl1xsnY-2dr,,,https://drive.google.com/open?id=1v-57HtEjkynkLlqvQwUw3olKL0GUEC9r,https://drive.google.com/open?id=15hB3jEins8vppj9i1DPsIlm_1TWZS359,https://drive.google.com/open?id=1sup0pWBzOrKNpyLCrWwBkXQnLd2lL3Pc,https://drive.google.com/open?id=1cYqvyMBEpA29HnHeMZds6LKXz3C6Hf7J
"Florence, Italy, Biblioteca Nazionale Centrale, MS Magliabechi XIX.164-167",Chi della fede altrui piglia sospecto,0,Voice,Bernardo,Pisano,0,Secular,Renaissance,Madrigal,14,Anonymous,,0,https://drive.google.com/open?id=1oXTlXdv8puejeW4f_6_uf6KBBUSzKO8U,https://drive.google.com/open?id=1THx4VhdO-_J8ZEvYCyd5_kvzq1Z-WBS5,,,https://drive.google.com/open?id=1nRshRtmuiIOMyXnNoWQ0fmV2yYqlbr4m,https://drive.google.com/open?id=15PSRJqBxonezFbAegFjOrJJ7zC3ZoSsy,https://drive.google.com/open?id=16ZrZCYDdsXiRVj2mEI_VmoJAE0yeV25d,https://drive.google.com/open?id=1V-MDXtlbgCJif6JDvn4CJYeVVChZh90E
"Florence, Italy, Biblioteca Nazionale Centrale, MS Magliabechi XIX.164-167",Cosi nel mio parlare voglio essere aspro,0,Voice,Bernardo,Pisano,0,Secular,Renaissance,Madrigal,15,Dante,Alighieri,1,https://drive.google.com/open?id=1MhR0Cubd2s9WONzNpKL8gJM7sMZrPgLP,https://drive.google.com/open?id=1uU58sbkcTQsuNlTi4nB6cPf1m1YB_hMW,,,https://drive.google.com/open?id=1zZE2BNgWlZydtU3T1mV35pFQjDYNfArR,https://drive.google.com/open?id=1TADkTUVpsS47tml90FhUQovm0N98xbms,https://drive.google.com/open?id=1Mh6FxHvnr62zciXk0LxtjRDHIN9u4UJj,https://drive.google.com/open?id=1_keSpBiLfPJvf_FYfGryZnhGPLgzp3WL
"Florence, Italy, Biblioteca Nazionale Centrale, MS Magliabechi XIX.164-167",Tanta pietà cor mio talhor m'assale,0,Voice,Bernardo,Pisano,1,Secular,Renaissance,Madrigal,16,Anonymous,,0,https://drive.google.com/open?id=1YIcbwwwzxQNXjmweAxhvpy2iVcM-zmvB,https://drive.google.com/open?id=1uXaHlW0ntxY0gg6tXe8CKIr3yWv6imVB,,,https://drive.google.com/open?id=1vR3bQF4j51V2svuopxoYv7TrAb6aJ71r,https://drive.google.com/open?id=1MlUQ7BHAqvWQ3FYvXRMFZ4LSELBGusUe,https://drive.google.com/open?id=1u6eT9h-Y7UANmgFgfn_OqajBFmi-uHEA,https://drive.google.com/open?id=1rxaCBSu10U3SxnYpiowJ2hMFOGBBZohG
"Florence, Italy, Biblioteca Nazionale Centrale, MS Magliabechi XIX.164-167",Nuova angioletta sovra l'ale accorta,0,Voice,Bernardo,Pisano,0,Secular,Renaissance,Madrigal,17,Francesco,Petrarca,1,https://drive.google.com/open?id=19uRECXKfFVP6H0Yf3jAzg8Kn7y6D9r_H,https://drive.google.com/open?id=1IvBpQYb-uokULU4vJbfZV05f6yEfLjCx,,,https://drive.google.com/open?id=1Lk2ITXczUBSlA5XcMrKss0HTYwc8PGWa,https://drive.google.com/open?id=1bxISjMy8IsAee_gUPX1sTvcZaMh-Nmk3,https://drive.google.com/open?id=1cSEPXtH-usJ2fg-G1fzLEn6JybjOxL7g,https://drive.google.com/open?id=1Z-pawk7iF-u7MCZy4pC20y8T-QmmiNtG
"Florence, Italy, Biblioteca Nazionale Centrale, MS Magliabechi XIX.164-167",Poich'io parti da cui partir non posso,0,Voice,Bernardo,Pisano,0,Secular,Renaissance,Madrigal,18,Anonymous,,0,https://drive.google.com/open?id=1jaHiXzq3kP50Y-U18doc8wbfhYaAjWIr,https://drive.google.com/open?id=1iUYnTPPdqKWk3sTunK4fUWMC0VVW2xfy,,,https://drive.google.com/open?id=1LZF4eA3-6ySPX5nnuVpP6VYBL5LtJJtq,https://drive.google.com/open?id=1ELSfZmvM86Z1fc5X5Ae-52m9TFq4NPzD,https://drive.google.com/open?id=18kmyC7rlTZ6lx1cNYgkxib-U4cZqRGPz,https://drive.google.com/open?id=1QFZtUbyjamhzoG09m1ycbeLsnqKGAwFc
"Florence, Italy, Biblioteca Nazionale Centrale, MS Magliabechi XIX.164-167",Hor vedi Amore che giovinetta donna,0,Voice,Bernardo,Pisano,0,Secular,Renaissance,Madrigal,19,Francesco,Petrarca,1,https://drive.google.com/open?id=1USzF-05SUlk9AgM96SMmqp5iQcEaxXFo,https://drive.google.com/open?id=1GS5kO5pMl69SZ7qkqDng5Svc-0m1Rtkb,,,https://drive.google.com/open?id=10uHjBkVomuwxCCE7SkVV2bMfpUJmf6L-,https://drive.google.com/open?id=1DZdwJRiEN3rwXQLquI-ieeQbWEbG-J2g,https://drive.google.com/open?id=16d1GDhhTwtE-omNcBUktz0PseDOfG51y,https://drive.google.com/open?id=11xuhw3ftKc4fwBPvr_CRDgt1fy7AiEUV
"Florence, Italy, Biblioteca Nazionale Centrale, MS Magliabechi XIX.164-167",Amor che mi tormenti,0,Voice,Sebastiano,Festa,1,Secular,Renaissance,Madrigal,20,Anonymous,,0,https://drive.google.com/drive/folders/1TAAdlbHUrjd_y32USX6Nga2JzzwmvZ5j,https://drive.google.com/open?id=1gdkdrUWuA9li2VjVkQZnqfZOFPN9zzkF,,,https://drive.google.com/open?id=1qSKynMT0_2tJV0tlQmIhRsKGFCILgduU,https://drive.google.com/open?id=12kRCHxVMXqwfve3L4kyEYo-yV-z6r1nB,https://drive.google.com/open?id=1ZHrpwEq_ClIHOvcI2sjjgkf4OpttR5lg,https://drive.google.com/open?id=1K9wiJ7fZ2fLISZFZgMOnD4yt4RqX43g3
"Florence, Italy, Biblioteca Nazionale Centrale, MS Magliabechi XIX.164-167",Quando el suave mio fido conforto,0,Voice,Sebastiano,Festa,0,Secular,Renaissance,Madrigal,21,Francesco,Petrarca,1,https://drive.google.com/open?id=1doqY4G-LhtzJdpz9SIpSC6RZ9Aksh0EM,https://drive.google.com/open?id=1hDNd1-p21TOmWNx_KKZwK3T1GAODPTri,,,https://drive.google.com/open?id=1OwEzSdWvry4dEUxnk8R5CHNx5Gm_I7HB,https://drive.google.com/open?id=1YIZ25qX29HDHcErHk48ajRWnKQgpcK4O,https://drive.google.com/open?id=1E5WqZb73w2NowcQx3ygem-jwkwt8pAY_,https://drive.google.com/open?id=1JXRpqO9QabUhUSCg1ssE20oIA_WhSl-A
"Florence, Italy, Biblioteca Nazionale Centrale, MS Magliabechi XIX.164-167",Ben mi credea passar mio tempo homai,0,Voice,Sebastiano,Festa,1,Secular,Renaissance,Madrigal,22,Francesco,Petrarca,1,https://drive.google.com/drive/folders/1rIHucVvG3jrrePMAbGSXIRYqBcGGIZ97,https://drive.google.com/open?id=1vdOEDOLGcZKbdrLSMIrYrbrmGHd6Os0P,,,https://drive.google.com/open?id=1b9q6MpL-psdLypXCcidIGfrKsLePfnvW,https://drive.google.com/open?id=1IVNxNpedmgcyJGVGF_OWAZOciILzEoqH,https://drive.google.com/open?id=1EUFbfjjKEqlGZtqcWEeVrOUwiyvWGR0l,https://drive.google.com/open?id=1_4AORJ-CU7ny4twJJsTulhh1Bup0J6Zl
"Florence, Italy, Biblioteca Nazionale Centrale, MS Magliabechi XIX.164-167",Amor se vuoi ch'io torni al giogho anticho,0,Voice,Sebastiano,Festa,1,Secular,Renaissance,Madrigal,23,Francesco,Petrarca,1,https://drive.google.com/drive/folders/1rPc1OAE476qAv0XXb6qgqJeFCbxlg7t2,https://drive.google.com/open?id=1tRYbQbDafULnJuM6BEUpt81KRzly-ibE,,,https://drive.google.com/open?id=16k3UgVahspa2XkywV3V7IdPIg3y04qbD,https://drive.google.com/open?id=1LQBK4-tv8_waBksT1-RTV5KYVkgmlL28,https://drive.google.com/open?id=1xMlmlqsb5pO-hhj5U4e3gYze2nYSjK9G,https://drive.google.com/open?id=16iMCwKOIS0FH2r6oZiQ20BeKOROMESAu
"Florence, Italy, Biblioteca Nazionale Centrale, MS Magliabechi XIX.164-167",Perch'ai viso d'amor portava insegnia,0,Voice,Sebastiano,Festa,1,Secular,Renaissance,Madrigal,24,Francesco,Petrarca,1,https://drive.google.com/drive/folders/1s0FtNuvF4gitJRbEGqzlxauh_vQu81QZ,https://drive.google.com/open?id=1VSeC8y4zR9ScfirMK1XCEvOQFBmaxtRn,,,https://drive.google.com/open?id=1GSaDMlUPLidPG4mLC-zqbawsl0ZW3Tnm,https://drive.google.com/open?id=1RkTJEa7_RtZaJ3a2qpPWsqNaG1Qmq68J,https://drive.google.com/open?id=1cPMMUiSGThBgAvHutK23T5lhSwBBHSMF,https://drive.google.com/open?id=10EmXgglwdwtxLxSdfCmgJtie0vtpOLTe
"Florence, Italy, Biblioteca Nazionale Centrale, MS Magliabechi XIX.164-167",Ο passi sparsi ο pensier vaghi et pronti,0,Voice,Sebastiano,Festa,1,Secular,Renaissance,Madrigal,25,Francesco,Petrarca,1,https://drive.google.com/drive/folders/19IvJsD0jjdrLX2kRUxR4ov3vnNO7dEUz,https://drive.google.com/open?id=1MjhCJbzTij7N45ZkhKetfns9O4Dm6ibZ,,,https://drive.google.com/open?id=1NLR4kHRM1VGZlf2A9KF-TDdcvfB7PrbF,https://drive.google.com/open?id=1h1cEDVl0AZb3IwsAhxvcTe4FQWVuW9y4,https://drive.google.com/open?id=1DcNwQG8mC5QGaJFzcebxC5yJMNSb61jV,https://drive.google.com/open?id=1JvljoAdd7jo4wEDpx4SgAQ7XoDemgW8p
"Florence, Italy, Biblioteca Nazionale Centrale, MS Magliabechi XIX.164-167",Amor quando fioriva mia speme,0,Voice,Sebastiano,Festa,0,Secular,Renaissance,Madrigal,26,Francesco,Petrarca,1,https://drive.google.com/drive/folders/1uuEkxu5HdqaJ4brNnMlveaMKVmEyH80m,,,,https://drive.google.com/open?id=1nq_Fu2EieSNOOp32Z8DbOOS5Y0ViSH7J,https://drive.google.com/open?id=1moY3Xh11l0FLzbMkXYErQq_lK3L_2heW,https://drive.google.com/open?id=1DcNwQG8mC5QGaJFzcebxC5yJMNSb61jV,https://drive.google.com/open?id=1XYvuzCmBjh8DCEzvFlgGEzcx9K5Yc_go
"Florence, Italy, Biblioteca Nazionale Centrale, MS Magliabechi XIX.164-167","Quanta mai leggiadria, quanta beliate",0,Voice,Bartolomeo,Tromboncino,1,Secular,Renaissance,Frottola,27,Anonymous,,0,https://drive.google.com/open?id=1yOh_hdtS6ZcKdNa88Brm9KE4-3BnL8Ni,https://drive.google.com/open?id=1IuDnT1rV96PgJEjJn-uhGum0ZyK6SfAc,,,https://drive.google.com/open?id=1uLwddFmWYBS2iSlDINTaDVY_ru6wDYxB,https://drive.google.com/open?id=1q8B-6TN45nxggSchBD213--pnLVd9JCj,https://drive.google.com/open?id=1CtYQgxdSHJ1ThLdTgWJZQv3yvCOmyqS0,https://drive.google.com/open?id=1A7BIbAJdYUF-ZLEcUxG-haspDib-xCNC
"Florence, Italy, Biblioteca Nazionale Centrale, MS Magliabechi XIX.164-167",Fralle infelice vivo più felice,0,Voice,Anonymous,,,Secular,Renaissance,Frottola,28,,,,,,,,https://drive.google.com/open?id=1mk0aH0VdzVxmriE28WUjx2aSCPveWiA0,https://drive.google.com/open?id=1SCpBmJ0X2r2408TjtWTVhHrwlhKrvJvI,https://drive.google.com/open?id=1w31dXVu3AlYgaj8VhC7dc6fhPxU8HKXe,https://drive.google.com/open?id=1IhT4MWqRbkJR_g3uUnfFdokX7NPEJHGl
"Florence, Italy, Biblioteca Nazionale Centrale, MS Magliabechi XIX.164-167",S'il dixi mai ch'i vengha in odio a quella,0,Voice,Anonymous,,,Secular,Renaissance,Frottola,29,Francesco,Petrarca,1,https://drive.google.com/drive/folders/1tB6sA9pfwJ83lWvdzQTq1Gn-KZKL2Rkx,,,,https://drive.google.com/open?id=164Hv1sqY_mVbl30_ryaGN-17scHJO_x4,https://drive.google.com/open?id=1UstIQzdP1J2EWXwB5dkZmuwjsSlpE5Lv,https://drive.google.com/open?id=1F_li4oAlUREmad8-gR_rq_iLCDg5BwQY,https://drive.google.com/open?id=14qP39N2V_2lSmvZgPWvTYQwXGnjW8tkO
"Florence, Italy, Biblioteca Nazionale Centrale, MS Magliabechi XIX.164-167",Quel foco ch'io pensai che fussi spento,0,Voice,Anonymous,,,Secular,Renaissance,Frottola,30,Francesco,Petrarca,1,https://drive.google.com/drive/folders/1uDolx4lalKd1HMJ4SwMOUzj-rQTGyGh2,,,,https://drive.google.com/open?id=1gH3pJvCQdoZDx7mohfOwI4sfBuhW9nny,https://drive.google.com/open?id=10IIbFjVZSjuszbNEPZayNfCTItXmTBnO,https://drive.google.com/open?id=1UB6bd0luLappoxjQsT0kBewk2QpaEiLV,https://drive.google.com/open?id=1RYv_jou3IwO4O9ABqutETaRc1NIq6-EL
"Florence, Italy, Biblioteca Nazionale Centrale, MS Magliabechi XIX.164-167",So ben che lei non sa quanto chi l'amo,0,Voice,Michele,Pesenti,1,Secular,Renaissance,Villotta,31,,,,https://drive.google.com/open?id=1DEr1v_aXjBS9FzfUZ-K-9l14scr5swH-,https://drive.google.com/open?id=11-h9zd-CveDMDYmWrkL6Ys6jroNEwgIB,,,https://drive.google.com/open?id=1E9RR1pQCd_KVrVkK5aV4YJHK3AmtjzS6,https://drive.google.com/open?id=1SjbqXskChK5zx5dP1rxtq8vHA-7FnguI,https://drive.google.com/open?id=1WnsEp800XfpfFhDt4KGm2dy6vv0lwR9W,https://drive.google.com/open?id=1kV9-MsP6iDvzofOqy2tS5IqxSfplZSDq
"Florence, Italy, Biblioteca Nazionale Centrale, MS Magliabechi XIX.164-167",Quando lo pomo vien da lo pomaro,0,Voice,Bartolomeo,Tromboncino,,Secular,Renaissance,Villotta,32,,,,https://drive.google.com/open?id=176c-8p-97G_xdygNOchVgKFZDJbcbCv4,https://drive.google.com/open?id=1OiNhZl3xRQJfmdppgO3OnnaKIK9HvzQp,,,https://drive.google.com/open?id=1BVv4YWtpApXQQnkHe4NfVJ6yTtq4zQbC,https://drive.google.com/open?id=1Hb9Tfh467O5Gbf3MFtkiJTEMApZCAwqa,https://drive.google.com/open?id=1IERyxHlor-guyUx_2YNrPtejIFZ1p-hg,https://drive.google.com/open?id=1paTuIBTHN59NgeBFYERkwzjCs6Don-33
"Florence, Italy, Biblioteca Nazionale Centrale, MS Magliabechi XIX.164-167",Ο Dio che la brunetta mia,0,Voice,Michele,Pesenti,0,Secular,Renaissance,Villotta,33,,,,https://drive.google.com/open?id=1V6ce890A98OdYLHYQc6jrNQnolzgyIvo,https://drive.google.com/open?id=13t8cOfkEFLUKVXzuJYTSZ7-SMpMTbVrY,,,https://drive.google.com/open?id=1OUo1sItqhF1vRvwIedNeP2gGVtpGDdSL,https://drive.google.com/open?id=1Dig_t5dwvMDTSwIQNB2q6n7YjdgASkc_,https://drive.google.com/open?id=1ul-Pb32VnubNTIgDxRQBylfyXzWB_jkf,https://drive.google.com/open?id=1z-qXuRzuJkbKLHMgzRj8MLU6LMTihlAO
"Florence, Italy, Biblioteca Nazionale Centrale, MS Magliabechi XIX.164-167",Hora è di maggio,0,Voice,Heinrich,Isaac,1,Secular,Renaissance,Northern proto-villotta,34,,,,https://drive.google.com/open?id=1TYQ5W7DxN5SFhHlVeXXUdX63QMLDgFi2,,https://drive.google.com/open?id=1J-DCjsqxx2AsUPY62CSOQhCwQGezdMBj,http://primanota.ru/heinrich-isaac/hora-e-di-maggio-sheets.htm,https://drive.google.com/open?id=1IVsqKK1A9F7U_1C0ITgmpCq3WptIYPA2,https://drive.google.com/open?id=1auEMPCEdiuqYx8t3vZ8xPJITMo1Wk64m,https://drive.google.com/open?id=1xMiPJko_HXl-_gvP-YISbEF6MyBx-Vaa,https://drive.google.com/open?id=1H6V0-vMlbjUO6-DCYPDnbmKfeC8g3I9J
"Florence, Italy, Biblioteca Nazionale Centrale, MS Magliabechi XIX.164-167",Che fa la ramanzina,0,Voice,Loyset,Compère,1,Secular,Renaissance,Northern proto-villotta,35,,,,https://drive.google.com/open?id=1XVegooTeMeyq3kQJwEuIokOTImtHKjgs,https://drive.google.com/open?id=1NhdxaLFj442K7dFBrO4IZX_8ozDAM-eT,,,https://drive.google.com/open?id=1ylCf-6SIKxjT8ncqRmCMWkLH2b8wV--2,https://drive.google.com/open?id=153aInJM1dE8J2Dj55yrD-PfXtNwxZTPZ,https://drive.google.com/open?id=1INKuXLADgwgPYr0NVgW3zwOxhEF1xK3G,https://drive.google.com/open?id=14Xo7qoDCI663A51JHyoZDKTQtmS3Kwmm
"Florence, Italy, Biblioteca Nazionale Centrale, MS Magliabechi XIX.164-167","Che debbio far che mi consigli Amore? [3, Tromboncino, F&H]",0,Voice,Bartolomeo,Tromboncino,1,Secular,Renaissance,Frottola,36,Francesco,Petrarca,1,https://drive.google.com/open?id=1sSeiT3VstfakVfjmzkVO2YPhINkFFpcc,https://drive.google.com/open?id=1KmA5Oam2mzHQ_6mbRnJ6_4-GpdVw_5X4,,,https://drive.google.com/open?id=1F8eoY6tUSN0_iz4_oEPyDfpROtaUnmoL,https://drive.google.com/open?id=1NZ7Jk5pLryPVwRHSRbEO1RoeNvxQQLPn,https://drive.google.com/open?id=1bICcsfdrv7xjnglcBDQ_Oo_0JvrHW9I8,https://drive.google.com/open?id=1g2io-ySFp4A_D2tn3jIWNLO33NOsSJiq
"Florence, Italy, Biblioteca Nazionale Centrale, MS Magliabechi XIX.164-167",La tortorella el semplice uccelletto,0,Voice,Jacob,Obrecht,1,Secular,Renaissance,Northern proto-villotta,37,,,,https://drive.google.com/open?id=15qSbSsPzxm3yj7hpQXnBUabjhEDzoSq5,,,,https://drive.google.com/open?id=1GbaLzI9kzv9DnT_Bh8PGqEC7kQDUCDeT,https://drive.google.com/open?id=11_Z2Rf-bNq8BwHgwYvQhvNwTvzeZl-Yt,https://drive.google.com/open?id=1oTXDIR5gS9j2jeR1ZoD4H2UpBkPPRmCF,https://drive.google.com/open?id=16jkk3z7vUAgRzsLJY30VBXBOwZ9sxcB1
"Florence, Italy, Biblioteca Nazionale Centrale, MS Magliabechi XIX.164-167",Scaramella fa la guerra,0,Voice,des Prez,Josquin,1,Secular,Renaissance,Northern proto-villotta,38,,,,https://drive.google.com/open?id=1oNMkMO3-KcPDYhFmQk_zTu7gvtIIp4T4,,https://drive.google.com/open?id=19cEMN1wsVTpnExFonfY2GsTW8InUseiz,http://josquin.stanford.edu/work/?id=Jos2830,https://drive.google.com/open?id=1s0PNjWPH-PgPF8PqmK7PzttR-wzKzv3I,https://drive.google.com/open?id=1kXWRHoKrAXxYhFgYjaXhVhq5bes93CHN,https://drive.google.com/open?id=1At1ebbs-OmOs6T_RZibLI9NDUWAxh-2k,https://drive.google.com/open?id=1aXd1uH-Eb1wvcQ9fU-_u-z-mx_eZBnYd
"Florence, Italy, Biblioteca Nazionale Centrale, MS Magliabechi XIX.164-167",[Zibaldone] C.: Fortuna disperata; Α.: Vidi la forosetta in un boschetto; T.: Voi m'havete svergognié; B.: Fortuna - mangio biscotti,0,Voice,Anonymous,,,Secular,Renaissance,Zibaldone,39,,,,https://drive.google.com/open?id=1AIADOLy3n1Ene-fZ4GCBaftslqB3orkm,https://drive.google.com/open?id=1d04oz1YeiB0ojArSxId0oAfIImPXWD_w,,,https://drive.google.com/open?id=154xnpeqU0sQMPQsfTOxtKm_kmfnjuF4j,https://drive.google.com/open?id=1dXHhgQLEjzkD5Qq-U0umg2W3YP6AAkmd,https://drive.google.com/open?id=1cxQhLeFcNI7zp3pQ0RWK0Uff2IABHdRA,https://drive.google.com/open?id=1NLnHaIvl07ywf373TRbe-GuBsOJfNMZu
"Florence, Italy, Biblioteca Nazionale Centrale, MS Magliabechi XIX.164-167","J'am pris amours; [Zibaldone] C., Α., T. Musicola B.: Ma buce rit",0,Voice,Anonymous,,,Secular,Renaissance,Zibaldone,40,,,,https://drive.google.com/open?id=1d0_c_4UKQFLEuwySs19L8lw6WPvdHeDu,https://drive.google.com/open?id=1ZHAfy6qJs7DQ6j6SF7rHg8oYftBpQL5V,,,https://drive.google.com/open?id=1WDVkNvJgPAnidiTKKt6vAWCKyJGR49RI,https://drive.google.com/open?id=1v6ZT5-kvHW9FquQU1OQFocO34Da8c3Kf,https://drive.google.com/open?id=1uviuq54Ig28T3DojYj6ErTB8eE0QQYsw,https://drive.google.com/open?id=1vilsP3tfEgL_mlOep94EN4-T4aq9tTT7
"Florence, Italy, Biblioteca Nazionale Centrale, MS Magliabechi XIX.164-167",[Zibaldone] C. : Donna tu pure invecchi Α.: Diventerò zenzaro T.: Ogniun fughi et pigli scampo; B: Dall'armata delle dee,0,Voice,Anonymous,,,Secular,Renaissance,Zibaldone,41,,,,https://drive.google.com/open?id=1rLF5Cdf_wmVsCfUbkeEBOtr6v6sf1nfM,https://drive.google.com/open?id=1AqP18GBPCItUahn4irk42x2YQMfAOhMM,,,https://drive.google.com/open?id=1sPDutWwyD8iibmaSmEEQ6teJ6QpfEYRG,https://drive.google.com/open?id=1PlTXOnilEXk9urCN7noZHptyC5iMuUHY,https://drive.google.com/open?id=1uviuq54Ig28T3DojYj6ErTB8eE0QQYsw,https://drive.google.com/open?id=1QSSCUkBwjbpFRtfZSnG9WbiqnDZhllnX
"Florence, Italy, Biblioteca Nazionale Centrale, MS Magliabechi XIX.164-167",Donne venite al ballo [T],0,Voice,Francesco,Patavino,0,Secular,Renaissance,Villotta,42,,,,https://drive.google.com/drive/folders/1HIZ-f_38KVpBZQKrO4lsdRBkO3ekyL9N,https://drive.google.com/open?id=1A0GwxocCLT252cuQ-riJvlSEenvQ4sZa,,,https://drive.google.com/open?id=172pO503-fd_vbgyKYonQLz1y4ows1B9z,https://drive.google.com/open?id=1XD7QuQOBbKsnh_y7bG3wzYUabMkkCq8W,https://drive.google.com/open?id=1AhJBinL33u54gzrmyEoXEWGp18_qVCkD,https://drive.google.com/open?id=10hDtFNeKQan_2atzNAy-Kj-paUzpaR7U
"Florence, Italy, Biblioteca Nazionale Centrale, MS Magliabechi XIX.164-167",Un cavalier di Spagnia [T]; Cavalcha per la via,0,Voice,Francesco,Patavino,0,Secular,Renaissance,Villotta,43,,,,https://drive.google.com/drive/folders/1Ym0xWsrK4HwIGiCiH46jsGGXCz3CKGtV,https://drive.google.com/open?id=1O33GMGM2FgSpigCWXauqCkszI4dSB4qO,,,https://drive.google.com/open?id=10mdfA-4Y3yPcrT9fteqkSE9oVYxWrI9F,https://drive.google.com/open?id=1BfBpHt-dDDAo19mIF9G_k4jk9lRwc4fF,https://drive.google.com/open?id=1syM5F6OfZwbZSlhy0mqBHS9CfJ8SYwHO,https://drive.google.com/open?id=1a83YU8XQPEGa3UuEbNTijTEnPaR6oP0q
"Florence, Italy, Biblioteca Nazionale Centrale, MS Magliabechi XIX.164-167",L'ultimo di di maggio [T]; Un bel mattino,0,Voice,Sebastiano,Festa,1,Secular,Renaissance,Villotta,44,,,,https://drive.google.com/drive/folders/1D0TPE-pRP0v-MDgogGuMGeczwo3p4m7z,https://drive.google.com/open?id=1R8LeFtNDVFioCT62JIUDVhdGM8itlhHp,,,https://drive.google.com/open?id=1ghhOE30Vuivul8uA0wjefrpApU_pGdJ0,https://drive.google.com/open?id=18WrWItLX-tVKXg6oCa42zp_Tvt71eJw-,https://drive.google.com/open?id=1lGb3o83cUT6HFtFokjAxKLFF_c7nD-1q,https://drive.google.com/open?id=1rDmh3MNwawPC8qRoH4BsS1TcEq_Gpmrt
"Florence, Italy, Biblioteca Nazionale Centrale, MS Magliabechi XIX.164-167",Vaghe le montanine pasturelle ,0,Voice,Anonymous,,,Secular,Renaissance,Villotta,45,Franco,Sacchetti,1,https://drive.google.com/drive/folders/1iW5E6B20yGmvb5eHKPtw7CO3adb_Jjxd,https://drive.google.com/open?id=1qdEB0xHWMWabZCH2777C2aTghL6BDMHY,,,https://drive.google.com/open?id=1vW5xidOGYbeqdDD5xyk-ZSO5lzMbbiuM,https://drive.google.com/open?id=1oVk-r2jUw_5upA5YDmKUEnT8FNgudJtS,https://drive.google.com/open?id=1kL7KweAXVnzn2Q6D03RXgrbwStNfD3G0,https://drive.google.com/open?id=1g-HlW9mUU4KPVwW7aEnUXtHpXdoyMpNz
"Florence, Italy, Biblioteca Nazionale Centrale, MS Magliabechi XIX.164-167",Solingho et vagho augello ,0,Voice,Anonymous,,,Secular,Renaissance,Madrigal,45.5,Pietro,Bembo,0,https://drive.google.com/drive/folders/1aM2spweGj0aPuN0Bc1fh-akW2ejYL2Ya,,,,https://drive.google.com/open?id=11r42ayLecwm-L2KU3Z9C1ebPN3WuAw67,https://drive.google.com/open?id=1sSNLEsalpIQzneM23vNyeQUtxSC1Z1Zp,https://drive.google.com/open?id=1ZzD7L2yOrq6EgGzr5w_y6TJ8SeeuaYV7,https://drive.google.com/open?id=1UAvJmIwJjqBhd2Zgn09PwJyuD5uTNC8T
"Florence, Italy, Biblioteca Nazionale Centrale, MS Magliabechi XIX.164-167",Entré je suis en gran pensier ,0,Voice,des Prez,Josquin,1,Secular,Renaissance,Chanson,46,,,,https://drive.google.com/open?id=1KY0Hp1lBx1FAJ0saDlHttfav-j_uQs9_,,https://drive.google.com/open?id=1igYk-nCrh6ttjUagJ04GKOPjAZ02xOf3,http://josquin.stanford.edu/work/?id=Jos2814,https://drive.google.com/open?id=1vfBA7TkJJ5vAO-R9jXUVawMmiGGL-Sq1,https://drive.google.com/open?id=1jCX7cuPY2KlpL_mD21iaCwT8uNz0-MYD,https://drive.google.com/open?id=1oNAqPDVK6xuHkDKvUe9og0-dKQ2uRuAi,https://drive.google.com/open?id=1IORRVEfXcUWj_VeQTc6bQHqrQJCVFDPU
"Florence, Italy, Biblioteca Nazionale Centrale, MS Magliabechi XIX.164-167",Tant ravy suis en la bonté ,0,Voice,Anonymous,,,Secular,Renaissance,Chanson,47,,,,https://drive.google.com/drive/folders/1uPP8iZnnAQsRm5IUEeQgLWOsKPMBXI_z,,,,https://drive.google.com/open?id=1cno4VPCZpewxVcL6l89dPV_9JBm1b4yy,https://drive.google.com/open?id=18CUxOgUbp4zhePn8MCBqZa8MVIi7gb7f,https://drive.google.com/open?id=1REzK7gIXHp5YU33R7g3P3eGHsDU_vtLL,https://drive.google.com/open?id=1urWBhN6pI6J8lyPBqAZ-DNPOvmDj0uoD
"Florence, Italy, Biblioteca Nazionale Centrale, MS Magliabechi XIX.164-167",Amoreuse mi fault estre ,0,Voice,Anonymous,,,Secular,Renaissance,Chanson,48,,,,https://drive.google.com/drive/folders/1Aah-nzBERSQhrT2OAwNfiam19irG-N9s,,,,https://drive.google.com/open?id=1pqWmn8RCg4w0H3xg6EH7llbfidOE71VU,https://drive.google.com/open?id=1cBB51JWUazq77f9f7DLEnY0pHH2MveKU,https://drive.google.com/open?id=1ro04rB6OT95MBnxl6t3A66JUP-X1RhHx,https://drive.google.com/open?id=1w-C7-8M0J1g-OykNSxRQWUBBv0dqI61a
"Florence, Italy, Biblioteca Nazionale Centrale, MS Magliabechi XIX.164-167",Jouly mariner passe mon sene ,0,Voice,Anonymous,,,Secular,Renaissance,Chanson,49,,,,,,,,https://drive.google.com/open?id=1dN-APu2022R30dwlqv7TE3VTVYInBUmS,https://drive.google.com/open?id=1IEkHTHG1NxtwYH68U8oqOSz72PTU-qeJ,https://drive.google.com/open?id=1s24vzq5x2Bumi-HqqKry5o4EpQoEXO7M,https://drive.google.com/open?id=1gwzWC3HP-Gsebaa_-_QSAhmvBX9Mo0CQ
"Florence, Italy, Biblioteca Nazionale Centrale, MS Magliabechi XIX.164-167",Notre chambrier sy malad'estet ,0,Voice,Ninot le Petit,,1,Secular,Renaissance,Chanson,50,,,,https://drive.google.com/open?id=1sCDYsexHkTx2CQOn1MQ3cwMZChMXN9QR,https://drive.google.com/open?id=1r5V4j3iZewoKaDpsTUOlk-femgsdMSyE,,,https://drive.google.com/open?id=1p0k1V8PMGG5zxIy41oH-91jr8m0j3FgS,https://drive.google.com/open?id=1XcfV64bnFjkvkcp8KUJVD_QAtUp3rsMt,https://drive.google.com/open?id=1TpEeVGwHYSFQx9Cnx7W6nU00CkcR1CLh,https://drive.google.com/open?id=1cQwiDa8mCGYg86EPynbpFHMcioUBk-aS
"Florence, Italy, Biblioteca Nazionale Centrale, MS Magliabechi XIX.164-167",Impotent suis et affollé ,0,Voice,Antoine,Bruhier,1,Secular,Renaissance,Chanson,51,,,,https://drive.google.com/open?id=1CJ5E2WWlC5HjWfviLV9r9iSXgLW2lo19,,,,https://drive.google.com/open?id=1neqzkyvKEtIVqDKGltqkRIQbPlHspure,https://drive.google.com/open?id=1wKUW0yhfQw-iVv4pXYZaInuXRNJYWrYi,https://drive.google.com/open?id=1gn3b6egaZRInR6tLMSHBSF89PwnqUHwO,https://drive.google.com/open?id=1BE0FxHZ-qbspoWqJIl_g_nEi4yIJGnPF
"Florence, Italy, Biblioteca Nazionale Centrale, MS Magliabechi XIX.164-167",Se j'ay perdu mon amy ,0,Voice,des Prez,Josquin,0,Secular,Renaissance,Chanson,52,,,,https://drive.google.com/open?id=15ndLWEw4-YKpLH2au2MyRcruOqZ1Y6xA,,https://drive.google.com/open?id=1F3vMH3N4LQWs1YpC-UEuxCEJlOI66YSa,http://josquin.stanford.edu/work/?id=Jos2832,https://drive.google.com/open?id=157uAhw17zv18N1Gzdsv0VGIaTQnhM8vJ,https://drive.google.com/open?id=18dV58-Vtx4TR2f_bfcQnQJYEHGOAmPgH,https://drive.google.com/open?id=1OUHuDDfENqkIFBlNy0tEg4q-ntCk8ZbB,https://drive.google.com/open?id=1FIngSDl01ZZ4HyfQd0tYndYQyDJyIWA8
"Florence, Italy, Biblioteca Nazionale Centrale, MS Magliabechi XIX.164-167",Et la la la la la la ,0,Voice,Ninot le Petit,,1,Secular,Renaissance,Chanson,53,,,,https://drive.google.com/open?id=1SkkdcUHEmsQ8hkjGwxwaGWp4YbBCZ1L0,https://drive.google.com/open?id=1Ucds7z2TVf_7xMxIxqx2oX59ZR1ksEHQ,,,https://drive.google.com/open?id=1VEhaQCHzE8TfYF4KBBnCRT0Z1Sj96bId,https://drive.google.com/open?id=1jL1PmnEZRDCUSnNaHD6V1Z65_co5l3Zf,https://drive.google.com/open?id=1URq0jSrXUI9ZqGvZ8ZjDmX4U7PnKBJxV,https://drive.google.com/open?id=1K3waPvlmPu5ayGqBnvqxUpg8FL1lMMmp
"Florence, Italy, Biblioteca Nazionale Centrale, MS Magliabechi XIX.164-167",En l'ombre da ung bepin ,0,Voice,Ninot le Petit,,1,Secular,Renaissance,Chanson,54,,,,https://drive.google.com/open?id=1gJMv7gQg1lsJCqNNVcTQ99AuMlrqPiWa,https://drive.google.com/open?id=1H0aC3voLYoRMW_lfskfRd-J9sIVE34Lp,,,https://drive.google.com/open?id=1RmmqlTU6FJP4ESL8rFbXQn6NSr0brLQs,https://drive.google.com/open?id=1h6fJXERHZtZlBaYDeTaH4dD3moxG7cxF,https://drive.google.com/open?id=1Qw96GwC3qAEwZNhS_QiJXZejfx9JGYTm,https://drive.google.com/open?id=1gu8t0Ifrw-E1ixie1QDeACQOJHKVMZwP
"Florence, Italy, Biblioteca Nazionale Centrale, MS Magliabechi XIX.164-167",Très dolce filette ,0,Voice,Anonymous,,,Secular,Renaissance,Chanson,55,,,,https://drive.google.com/open?id=1Q29YlGkM1wOSO6FihYxur-IvltR0YDnj,https://drive.google.com/open?id=1qiXJWTI0edmi3DOT4G7ewOt5jmRaP_wW,,,https://drive.google.com/open?id=1SlYZ-YnR8zi45RAhI8soyG7AWjWshTF1,https://drive.google.com/open?id=1FecmgFbiSq1ykt0tRjbp9m1-dF3tS-xJ,https://drive.google.com/open?id=1mjs56Zijx4uh9OwBQhsy6lRK0899Xrrh,https://drive.google.com/open?id=1lFngO4uo9AI3d-YAfPDvFj9Ip6QRk3z3
"Florence, Italy, Biblioteca Nazionale Centrale, MS Magliabechi XIX.164-167",Frapes petit coup ,0,Voice,Antoine,Bruhier,1,Secular,Renaissance,Chanson,56,,,,https://drive.google.com/open?id=1QP0fKs6wpr_4s0l5p4GSTzbbjsV0_EBi,https://drive.google.com/open?id=1RLrkkqKnjEtRKOeixGNWO7fE1c5LaKcU,,,https://drive.google.com/open?id=1lY0SGjGVL14gX2eiM89m6xJC7TeDKBjz,https://drive.google.com/open?id=1YwKVgQuUNPgwYLqttk7MqWMP9diVlkk0,https://drive.google.com/open?id=1RS6KEL4tOpccIggtIKqsW1C-16IHmaNc,https://drive.google.com/open?id=1PBzl15mWCzHejaQB2w0VZ4R9IsvE68zG
"Florence, Italy, Biblioteca Nazionale Centrale, MS Magliabechi XIX.164-167",Jacquet Jacquet ,0,Voice,Antoine,Bruhier,1,Secular,Renaissance,Chanson,57,,,,https://drive.google.com/open?id=1qoi7sGYzUfO1P-YI0gt9oK-XsH_blM5P,https://drive.google.com/open?id=1le2wcIabO0tYxZPHD4lCpRKqBiP0BOus,,,https://drive.google.com/open?id=1ITerYJKANxlbPpV-80k09ZBMF6AEUP8-,https://drive.google.com/open?id=1-xFsRS8aj-FjFjHH8XE4pFKjFeUu-sjr,https://drive.google.com/open?id=1zi39ssS6YTIMScfEFXY80FSkACvMYha9,https://drive.google.com/open?id=1t0Vl71iuTuaG7DrcrkYIo-bYzzgUahs-
"Florence, Italy, Biblioteca Nazionale Centrale, MS Magliabechi XIX.164-167",N'as tu poynct mys ton hault bounet ,0,Voice,Ninot le Petit,,1,Secular,Renaissance,Chanson,58,,,,https://drive.google.com/open?id=1QeW4paiu4fv1MtCxqMNI8crPjDLD_2aY,https://drive.google.com/open?id=1RKoQ2l-k56iRq8PzyU_kwkKVdv932e0b,,,https://drive.google.com/open?id=10nJ9Ib6wI5tG-WLRD0HJ-nBVjOvGYDbW,https://drive.google.com/open?id=1Sp8uxHlMYkzttil8lL_RIukJtr0LFSP3,https://drive.google.com/open?id=1fYdlULS_pHjdwqoxegrmrwXTQO49jjsr,https://drive.google.com/open?id=1fr1G6XGCNWqVvCkXEme8S9QfqRphS9Y3
"Florence, Italy, Biblioteca Nazionale Centrale, MS Magliabechi XIX.164-167",Adieu mes amours ,0,Voice,Anonymous,,,Secular,Renaissance,Chanson,59,,,,https://drive.google.com/drive/folders/1fQt56Q9-Qem8OD5DoxcPsfPMDc6gEkzI,,,,https://drive.google.com/open?id=1r2W4--0PDfkO5c5VkwhqNlgf7mgQ3prc,https://drive.google.com/open?id=1xEbFfRcUK80M2HsejSAVVnTE3yh_PIdS,https://drive.google.com/open?id=1SQduym-cKlBJzggphitr-pP9KBlXKT-H,https://drive.google.com/open?id=1-U-CM3-DtL-7S7vY8hDQrq5-6ZjkLFEP
"Florence, Italy, Biblioteca Nazionale Centrale, MS Magliabechi XIX.164-167",Forseullement l'atente que je meure ,0,Voice,Anonymous,,,Secular,Renaissance,Chanson,60,,,,https://drive.google.com/open?id=1qedWkdQqQX4MKXA5UJEocSFGWt5V1dED,,https://drive.google.com/open?id=1xQ1numQVbBmMCp-dOlfKpvmQ0PSSjxaV,http://josquin.stanford.edu/work/?id=Jos2840,https://drive.google.com/open?id=18QQ1HyTwLxxdcypRr5nsFxMP-LH4ZBXn,https://drive.google.com/open?id=1i_9ggZZMrkllolbwytjmMJxxj-8G9sFn,https://drive.google.com/open?id=12P_39-Onh_oFq4uSdrlJUsZgijzaxB5_,https://drive.google.com/open?id=1uIN2hFz9reDR186soIYCF2_jXDDmFvfp
"Florence, Italy, Biblioteca Nazionale Centrale, MS Magliabechi XIX.164-167",Forseullement l’atante que je meure ,0,Voice,Matthaeus,Pipelare,1,Secular,Renaissance,Chanson,61,,,,https://drive.google.com/open?id=1bPUhslMzHYzvOUuMwGeoZ_FIE9q46Yu9,https://drive.google.com/open?id=1lEkE3K1KyfvNtEJ0i1MWGNlmudbFuQgY,,,https://drive.google.com/open?id=1QxlhQgoQgqPOTp2ofUF0_YWMZTjLqrCS,https://drive.google.com/open?id=1aYIW29jveFZvJgkN7itHEb00IbMOULwS,https://drive.google.com/open?id=1ElsnwQUJY8ZDStYdEH86pQbsjzzk-T-F,https://drive.google.com/open?id=1-dJl6bmO7twoOuGIcZF7qe8c05i4cuLF
"Florence, Italy, Biblioteca Nazionale Centrale, MS Magliabechi XIX.164-167",L'autre ior je cavacioye ,0,Voice,Loyset,Compère,1,Secular,Renaissance,Chanson,62,,,,https://drive.google.com/open?id=1ldldbvTSxJwjm_TixsJG3S3rKqIgNtKV,,,,https://drive.google.com/open?id=16n25qU3K0kE3_06GYK8-vqIntXiXn9Nv,https://drive.google.com/open?id=16n25qU3K0kE3_06GYK8-vqIntXiXn9Nv,https://drive.google.com/open?id=1oOPeneC8WRBiHI-goDHgiABdvG_VtAZ_,https://drive.google.com/open?id=1DWpKRL3PldjipzNQdr93PU7EoPARTGwd
"Florence, Italy, Biblioteca Nazionale Centrale, MS Magliabechi XIX.164-167",Gentil galans de fransa ,0,Voice,Anonymous,,,Secular,Renaissance,Chanson,63,,,,https://drive.google.com/open?id=160VAjYjyIfLkOo6GcCRlkaVrNwAGveq1,https://drive.google.com/open?id=1jyaP9J3bHKYNvTFMqCRq2M4Pepa6rQ4d,,,https://drive.google.com/open?id=11CrxeUL3GOAwHf8n9mZuv7kRZQZmnENC,https://drive.google.com/open?id=11CrxeUL3GOAwHf8n9mZuv7kRZQZmnENC,https://drive.google.com/open?id=1372rcjyW-uRF-k-b211RiBTS6N1wM7zK,https://drive.google.com/open?id=1ekCf_56PJ1-xUZEHQ9kJ1N0m-I5aC6sj
"Florence, Italy, Biblioteca Nazionale Centrale, MS Magliabechi XIX.164-167",Je suis amie d'un forier ,0,Voice,Loyset,Compère,,Secular,Renaissance,Chanson,64,,,,https://drive.google.com/drive/folders/1kheDPGLOsJta1BDvXVhne_NAiXSTfljs,https://drive.google.com/open?id=1sOu9CZTPxYYD4GDNqH6e8_wgvLhqLs54,,,https://drive.google.com/open?id=1D0NCI0k-fkYUAp-8ytChZHnsEwWaCJy7,https://drive.google.com/open?id=1nrCURZwa8KCQiKTNOFo6zIgiptZW0s4a,https://drive.google.com/open?id=1Bxa7j3rSHuHWvw6ixLSFIaVusIObqoag,https://drive.google.com/open?id=1CPxyqADsgzwNxWTkWgPSGGOqjYywjPLR
"Florence, Italy, Biblioteca Nazionale Centrale, MS Magliabechi XIX.164-167",Alons fere nos barbes ,0,Voice,Loyset,Compère,1,Secular,Renaissance,Chanson,65,,,,https://drive.google.com/drive/folders/16mJgLBwOzaEIQwzmWEtnrs87z2KkFpK9,https://drive.google.com/open?id=1BGaf0BtbHf9LCH8nYqHaDxebK1rNcO42,,,https://drive.google.com/open?id=169Wk1tPqz1PqywTpr2Ki97W1o4jrRsHm,https://drive.google.com/open?id=1S7uo5dSHS4Amql9mrUQz4WVYe8MHTB2v,https://drive.google.com/open?id=1-6NJDjIG6arsS4cLaJSQE9_dJMLoI6BR,https://drive.google.com/open?id=11s55SOAHdLVjFW74ICSUGk_Ym3oOK5jI
"Florence, Italy, Biblioteca Nazionale Centrale, MS Magliabechi XIX.164-167",Voles ouir une sanson de chyons ,0,Voice,Loyset,Compère,1,Secular,Renaissance,Chanson,66,,,,https://drive.google.com/drive/folders/1JmcRrDg1SHgjmk2R6Jk-OYADIT3MAMJz,https://drive.google.com/open?id=1-Le9vK1ngV_wngeRshSulmgeKd1AnPNr,,,https://drive.google.com/open?id=1zjQpD9enxs2uf1P6RoscKiWTUqwUfYvf,https://drive.google.com/open?id=1GkU2J-ZVM8CCyfc_wMCsXO__r-eCzwWL,https://drive.google.com/open?id=16cuv-5QAwt9zEkks7fPsWQUlZZdO6BMd,https://drive.google.com/open?id=1TM3CUdRQvKmcm9hiWhTFfs5qMBsW2MSI
"Florence, Italy, Biblioteca Nazionale Centrale, MS Magliabechi XIX.164-167",Plus nullez regretez ,0,Voice,des Prez,Josquin,1,Secular,Renaissance,Chanson,67,Jean,Lemaire de Belges,1,https://drive.google.com/open?id=1-bBJM5LdhdVzixc4lZcj-P1Qgjf4EFv8,,https://drive.google.com/open?id=1sUN0FloI4TkfBcAs6LWY1Vd4e5ynYT9y,http://josquin.stanford.edu/work/?id=Jos2828,https://drive.google.com/open?id=1shENnPvblRrBdd6bMuDYFEO1Acl-NZeE,https://drive.google.com/open?id=1iw3LncGF_V9oai2s71KF27FOdr__gZTu,https://drive.google.com/open?id=11KvyuunOrjY2ptXJf4iEL5xVwkQlNYuC,https://drive.google.com/open?id=1QnuHindyNBvqVirxEgKRlG8IHOSlOYwS
"Florence, Italy, Biblioteca Nazionale Centrale, MS Magliabechi XIX.164-167",Ille etet ung bon homme ,0,Voice,Anonymous,,,Secular,Renaissance,Chanson,68,,,,https://drive.google.com/open?id=16W9ZmaA1lK68sHhAeuLbeSSkRnyyKTNm,,,,https://drive.google.com/open?id=1tNQCQOuHDJ-258q0QbNk-oPMkQHYvSGI,https://drive.google.com/open?id=1iw3LncGF_V9oai2s71KF27FOdr__gZTu,https://drive.google.com/open?id=1Z3PBCrXmU93AmPYhlYLbus5HB34VHm0X,https://drive.google.com/open?id=1lV7Z0dQgicS7TBHS_VwR-qWAyJ_6O1zA
"Florence, Italy, Biblioteca Nazionale Centrale, MS Magliabechi XIX.164-167",Une playsant fìlette ,0,Voice,Loyset,Compère,1,Secular,Renaissance,Chanson,69,,,,https://drive.google.com/open?id=145PwWVNC7dCIXKqe6loWGdSxTHq0IYUu,https://drive.google.com/open?id=1CyS3hqNakg4m1_jlceYm3Vxh5KC_d35E,,,https://drive.google.com/open?id=1YTWbOU7tgCJn5eaI6eIeJfI5Vyf9npYN,https://drive.google.com/open?id=1bM4sFn0Z26Zj5D_c4bAyhm4gX0NJWULU,https://drive.google.com/open?id=1Zuq-6g_gOrU6KRb_9y4Q1vAWl4gcbd8s,https://drive.google.com/open?id=1UTRcixTWZVJ_U63qwXNrqeeRVXa40oVt
"Florence, Italy, Biblioteca Nazionale Centrale, MS Magliabechi XIX.164-167",ludica me Deus ,0,Voice,Andreas,De Silva,1,Sacred ,Renaissance,Motet,70,,,,https://drive.google.com/open?id=1E9XWyvg00dpEK2dFLr2etqy9ViGBDh2y,https://drive.google.com/open?id=163AnH9xkXivi2eONeRfwxaa5ULr7sbPD,,,https://drive.google.com/open?id=1XeumdleOLdn6E3KjMtXmHSGWl1qW5PxP,https://drive.google.com/open?id=1t6XTc8K4yNpfj6UPwVMszjYI6GKfI4Ug,https://drive.google.com/open?id=1cWtyhrkFEfaMM9c9aNWMaCR40K6LHbKC,https://drive.google.com/open?id=1VG4QZxofsoD5ZtSk9QzCXiPMIFZtL96N
"Florence, Italy, Biblioteca Nazionale Centrale, MS Magliabechi XIX.164-167",Prophetarum maxime ,0,Voice,Heinrich,Isaac,1,Sacred,Renaissance,Motet,71,,,,https://drive.google.com/open?id=1vSoXAO473CWL3jFcL4P23nRkZYjeKhm6,,,http://www0.cpdl.org/wiki/index.php/Prophetarum_maxime_(Heinrich_Isaac),https://drive.google.com/open?id=1_DimvakEo4lh3F-nVD1d5kEOvu7E4yTC,https://drive.google.com/open?id=10ZHO-xWcHje_zbdads2onGG0XgnLDZZQ,https://drive.google.com/open?id=19rHOTV-r2Y28XZ8ryQvcIMjJsJj7jIs9,https://drive.google.com/open?id=1wJrc1SJYIdaXD09MlLgGmonQKx6-Fl95
"Florence, Italy, Biblioteca Nazionale Centrale, MS Magliabechi XIX.164-167",Paratum cor meum Deus ,0,Voice,des Prez,Josquin,0,Sacred,Renaissance,Motet,72,,,,https://drive.google.com/open?id=1e2PijkSPy7kpAeaNNaDxhdvIC7yxl97x,https://drive.google.com/open?id=1k-mT7KU6d59P2uSX6s2zoGK8g3oaRVBO,,,https://drive.google.com/open?id=1GvTXPUy9KQ2gBa57Jyuf3dzw20d8oyBU,https://drive.google.com/open?id=11i_1K9IfrpdqNuCTaqlQJ9TG93OIXhK9,https://drive.google.com/open?id=1B7CRHZf1F8oHXcHJVpmMZaMCpdt9gNrd,https://drive.google.com/open?id=1nXi3hDgnh72ACKY93Gyp4tV9gza0Dkis
"Florence, Italy, Biblioteca Nazionale Centrale, MS Magliabechi XIX.164-167",Spem in alium numquam habui ,0,Voice,Anonymous,,0,Sacred,Renaissance,Motet,73,,,,https://drive.google.com/open?id=1ProjWvAR6atCl96TbeBsIvlnmu7w2JBU,https://drive.google.com/open?id=1fm0dRoh_YWIEFbJtWhEpo-fi_F-T_OaC,,,https://drive.google.com/open?id=1r4Ja9IJ3n1DFEYkv2UYBQIXeT6Wi8vI1,https://drive.google.com/open?id=1-36flrng0mj72_NjcU6hV2i-Q2MTfNeN,https://drive.google.com/open?id=1W3vPCId7-VDkNsKTkL6KzY4CmhqG4Ghd,https://drive.google.com/open?id=1ClV7MHbKbYcZa-dYY9VO6e-W85V0zd8g
"Florence, Italy, Biblioteca Nazionale Centrale, MS Magliabechi XIX.164-167",Regem confessorum dominum venite ,0,Voice,Jean,Mouton,1,Sacred,Renaissance,Motet,74,,,,https://drive.google.com/open?id=189Wk9JBKkB1KS0k_eb-za1Ep-sArZuvI,https://drive.google.com/open?id=10J7hbKt8AFYtu9QXS5ShKHtY5FyR1MAl,,,https://drive.google.com/open?id=1oQUxHaz1mruv_Nd8VOT8DzwoND_qRTdO,https://drive.google.com/open?id=1bat_QXs4yhQKd7apiRWUVaGrPiAopKoz,https://drive.google.com/open?id=1qhX1nySuYy6ssJ-53Nkq3wPohP2umVmE,https://drive.google.com/open?id=182TfoxCwK05R6MKTZ8d5BGP4Y9PIVf0Q
"Florence, Italy, Biblioteca Nazionale Centrale, MS Magliabechi XIX.164-167",Bona vita bona refectio ,0,Voice,Jean,Mouton,1,Sacred,Renaissance,Motet,75,,,,https://drive.google.com/open?id=1YX7CpTYsdC0A8x5-VusEWUdFZcb6n6VC,,,,https://drive.google.com/open?id=1d5S66E4Ofc5u07EMgY3Uh2jVFJFK0nTJ,https://drive.google.com/open?id=1ORuHW7P3BYk0KFaWlaNSw3JKjkiEDijD,https://drive.google.com/open?id=1m2YCEyuFdmfcip58cBr5Y6QXdAD8aJku,https://drive.google.com/open?id=1SE2gH1-cij_9D5uiX-1GzE471n0XQE_g
"Florence, Italy, Biblioteca Nazionale Centrale, MS Magliabechi XIX.164-167","Alma redemptoris mater (C., B.) / Ave regina coelorum (Α., T.)",0,Voice,des Prez,Josquin,1,Sacred,Renaissance,Motet,76,,,,https://drive.google.com/open?id=1CmqU4IrckzVuT5E_3ycJRHqs7S7N974D,,https://drive.google.com/open?id=1-astbS4-ziSzW8XMBYHg5jfbR7utaArS,http://josquin.stanford.edu/work/?id=Jos2302,https://drive.google.com/open?id=1Z8m6n8Biui7EUXrOiIALTRmWAlUVQYkg,https://drive.google.com/open?id=1i2oyr4AGcSfAZ63kwWZc4fwX4Rcvyy5k,https://drive.google.com/open?id=18L0ouuviD2lgGSsEh7CPyW6ja6WelyAN,https://drive.google.com/open?id=1yvS4YWiZxXifSKBvGnRBUCVsrU0XWA7k
"Florence, Italy, Biblioteca Nazionale Centrale, MS Magliabechi XIX.164-167",Ave Maria gratia plena … virgo serena,0,Voice,des Prez,Josquin,1,Sacred,Renaissance,Motet,77,,,,https://drive.google.com/open?id=1PZIy9NwkODTxoCkIIF8cfYzUjxDO7c8J,,https://drive.google.com/open?id=120vHzXogdjOWrXTTDLVDil64TgBeIbCN,http://josquin.stanford.edu/work/?id=Jos2306,https://drive.google.com/open?id=1UVOsQ2qtWZuhccxE7hYsNDC9qA1QYRFG,https://drive.google.com/open?id=1XD7YjI1TUuNWaGKUfyArh8v74JHrgVML,https://drive.google.com/open?id=1I909NF9NdbUwo8kz6BggfTrX2ED5Lw6q,https://drive.google.com/open?id=1hHanPR3zboLjubSZt1S5lgd5ZlNGLAUZ
"Florence, Italy, Biblioteca Nazionale Centrale, MS Magliabechi XIX.164-167",Miserere mei Deus ,0,Voice,Carpentras,,1,Sacred,Renaissance,Motet,78,,,,https://drive.google.com/open?id=1PxnpqeQ11fGFjRht33OUlK8scoNC81Yl,https://drive.google.com/open?id=1E-_4ClCRGosDotf-39lxgnykRRi88dn7,,,https://drive.google.com/open?id=1RhvGNQP7TBDwn_V6c7sY8LUjWbEMpLSM,https://drive.google.com/open?id=16yHXWTvX5w68CE6PoV2oM7H_NTy2ARb-,https://drive.google.com/open?id=150ZbGacgBZV1sRaEig0hvrJA36y2IJA0,https://drive.google.com/open?id=1MdPyAN4B6bK__Ea5zAl5tTm630eYAuBB
"Florence, Italy, Biblioteca Nazionale Centrale, MS Magliabechi XIX.164-167",Missus est angelus Gabriel ,0,Voice,des Prez,Josquin,1,Sacred,Renaissance,Motet,79,,,,https://drive.google.com/open?id=1s1BDRiKx-KD08PDXmAI6KfWG4JwbEsii,,https://drive.google.com/open?id=1Fx_975jGN2D3eAUxxA1AJwwi_qiIfseP,http://josquin.stanford.edu/work/?id=Jos2007,https://drive.google.com/open?id=1j9QwY7R0X_jq7nLriY47bKpFfcbsEW6S,https://drive.google.com/open?id=1bt3QKIe5NA8hxG7NTI5qdComdrB76Hh8,https://drive.google.com/open?id=1wRGR0LriSBlWU3-86fS4UJGnoHg-VFr9,https://drive.google.com/open?id=1pqtJHuw-MryJRlqyWo16nUUnHRuwx-8f
"Florence, Italy, Biblioteca Nazionale Centrale, MS Magliabechi XIX.164-167",Felix namque es sacra Virgo Maria ,0,Voice,Jean,Mouton,1,Sacred,Renaissance,Motet,80,,,,https://drive.google.com/open?id=13ZyAsNxD3pLu1YgxBGKDGALcXP9bT6N4,,,,https://drive.google.com/open?id=15AULCdNefMogo9mCJqw4RWCStG5JTEl7,https://drive.google.com/open?id=1ydoSfy0Zmhk0WL7m0yVTYFHyAJKdsx4d,https://drive.google.com/open?id=13PHQZCUhKD1rumuFd2UxA-7rRtaOq3Xt,https://drive.google.com/open?id=1A3wh0yPe508xMeqXIeXvLubln3yS_Nk6
"Florence, Italy, Biblioteca Nazionale Centrale, MS Magliabechi XIX.164-167",Ο bone et dulcis domine Yhesus ,0,Voice,des Prez,Josquin,1,Sacred,Renaissance,Motet,81,,,,https://drive.google.com/open?id=1BY_877vTr_qtmFakzTepNO4g4UzW9rKN,,https://drive.google.com/open?id=1TDKHrLYCuJMHo8Lb0_K-4A60zUWYWB6L,http://www2.cpdl.org/wiki/index.php/O_bone_et_dulcis_Domine_Jesu_(Josquin_des_Prez),https://drive.google.com/open?id=1QV1YhZhUBncSgXswlmC-4o3ypV-S5TS1,https://drive.google.com/open?id=1gwgGkA2FOJK8bivFtUuuro7vgic5xKgn,https://drive.google.com/open?id=1HbIJPo2xTvirHD4afMf-zO08mjF78dC7,https://drive.google.com/open?id=12iZRdGTfQmroSb8oJUgKsP_gsGgrtPXC